Frame,L0_x,L0_y,L1_x,L1_y,L2_x,L2_y,L3_x,L3_y,L4_x,L4_y,L5_x,L5_y,L6_x,L6_y,L7_x,L7_y,L8_x,L8_y,L9_x,L9_y,L10_x,L10_y,L11_x,L11_y,L12_x,L12_y,L13_x,L13_y,L14_x,L14_y,L15_x,L15_y,L16_x,L16_y,L17_x,L17_y,L18_x,L18_y,L19_x,L19_y,L20_x,L20_y,L21_x,L21_y,L22_x,L22_y,L23_x,L23_y,L24_x,L24_y,L25_x,L25_y,L26_x,L26_y,L27_x,L27_y,L28_x,L28_y,L29_x,L29_y,L30_x,L30_y,L31_x,L31_y,L32_x,L32_y
0,978.76,718.07,963.22,714.59,961.96,715.42,960.55,716.23,963.09,715.71,961.96,717.2,960.71,718.69,953.32,733.82,956.14,734.29,985.24,732.56,984.87,734.39,989.63,794.88,1021.97,789.64,1078.62,821.15,1127.9,784.82,1158.08,808.81,1222.02,762.5,1179.86,804.08,1244.5,757.41,1180.89,801.87,1245.09,754.27,1175.63,805.31,1238.74,757.07,1170.02,892.1,1181.03,913.97,1303.6,840.56,1322.95,850.71,1445.58,865.22,1503.09,881.05,1469.94,881.36,1528.26,897.03,1479.9,796.61,1524.75,807.93
1,978.68,717.14,962.73,714.15,961.41,715.21,959.95,716.19,962.77,715.16,961.66,716.76,960.44,718.38,953.1,733.9,955.36,734.47,985.23,731.83,984.87,733.09,991.52,794.39,1020.7,790.09,1087.76,806.12,1126.14,784.79,1172.65,787.21,1217.48,763.09,1201.66,775.6,1240.51,757.79,1206.02,775.89,1240.7,755.04,1196.09,783.24,1234.61,757.92,1170.2,892.06,1181.01,913.62,1305.28,841.7,1325.36,850.73,1447.08,866.91,1503.15,880.18,1471.13,882.73,1528.32,897.17,1479.82,797.6,1524.88,807.23
2,978.65,716.69,962.47,713.92,961.1,715.1,959.62,716.18,962.61,714.81,961.52,716.46,960.32,718.15,952.96,733.99,954.95,734.63,985.23,731.48,984.88,732.43,992.02,794.39,1019.48,790.47,1090.09,803.05,1124.56,784.75,1175.89,782.88,1214.72,763.52,1205.73,770.51,1238.1,758.26,1210.3,771.11,1238.21,755.58,1199.72,778.98,1232.07,758.42,1170.41,892.06,1181.01,913.47,1306.44,842.82,1327.41,851.16,1447.93,867.04,1503.15,880.08,1472.09,882.74,1528.26,897.25,1479.81,797.55,1524.93,806.62
3,978.63,716.53,962.33,713.83,960.94,715.08,959.44,716.19,962.52,714.67,961.44,716.35,960.25,718.07,952.82,734.2,954.56,734.92,985.22,731.4,984.88,732.24,992.24,794.43,1018.74,790.88,1090.74,802.76,1123.97,784.68,1176.38,782.61,1213.73,763.87,1206.34,770.36,1237.46,758.83,1210.94,770.96,1237.66,756.19,1198.18,778.4,1231.39,758.86,1170.43,891.89,1180.96,913.38,1307.04,843.23,1328.39,851.6,1447.64,865.82,1502.7,880.05,1472.56,882.01,1527.34,897.26,1479.22,795.14,1524.95,806.63
4,978.46,716.11,962.07,713.64,960.66,714.98,959.17,716.17,962.3,714.43,961.22,716.16,960.04,717.94,952.66,734.29,954.15,735.1,985.14,731.11,984.83,731.82,992.39,794.32,1018.61,791.32,1090.62,802.67,1123.84,784.68,1176.61,783.06,1213.37,764.27,1204.53,770.56,1237.2,759.38,1210.81,771.57,1237.48,756.76,1197.43,778.87,1231.14,759.33,1170.44,891.58,1180.82,913.35,1307.39,843.53,1329.14,851.82,1448.13,865.81,1502.54,879.92,1472.61,881.76,1527.09,897.33,1478.62,794.28,1525.02,806.6
5,978.32,716.04,961.9,713.64,960.5,715.0,959.02,716.25,962.14,714.42,961.06,716.16,959.88,717.94,952.6,734.48,953.86,735.45,985.04,731.06,984.78,731.71,992.59,794.2,1018.53,791.51,1090.79,802.08,1123.8,784.67,1177.06,782.82,1213.15,764.68,1206.28,770.95,1237.23,760.12,1211.74,771.67,1237.55,757.45,1198.23,778.77,1231.1,759.9,1170.46,891.24,1180.78,913.19,1307.74,843.76,1329.8,851.86,1448.48,865.87,1502.48,879.89,1472.64,881.76,1527.05,897.48,1478.81,794.34,1525.19,806.54
6,978.33,716.01,961.91,713.63,960.5,715.0,959.02,716.3,962.14,714.4,961.06,716.14,959.88,717.93,952.6,734.66,953.81,735.68,985.04,731.01,984.8,731.61,992.8,794.16,1018.56,791.67,1090.78,802.18,1123.8,784.7,1176.53,783.0,1213.03,764.95,1204.57,771.09,1237.28,760.73,1211.23,772.28,1237.62,758.06,1197.75,779.19,1231.08,760.42,1170.47,891.21,1180.77,913.08,1308.0,844.24,1330.2,851.99,1448.9,866.42,1502.34,879.89,1472.79,882.04,1527.01,897.7,1479.03,796.18,1525.18,806.44
7,978.33,715.95,961.91,713.62,960.5,715.0,959.02,716.32,962.14,714.37,961.06,716.12,959.88,717.92,952.59,734.81,953.74,735.86,985.04,730.96,984.8,731.52,992.9,794.14,1018.58,791.84,1090.76,802.36,1123.76,784.73,1176.36,783.29,1212.87,765.19,1203.72,771.26,1237.26,761.25,1209.77,772.33,1237.6,758.54,1197.53,779.64,1230.97,760.79,1170.46,891.19,1180.72,912.96,1307.96,844.6,1330.07,852.35,1448.89,866.89,1502.04,879.91,1472.67,882.29,1526.81,897.85,1479.16,797.38,1525.01,806.41
8,978.29,715.89,961.88,713.62,960.47,715.0,958.99,716.35,962.12,714.35,961.04,716.1,959.86,717.91,952.56,734.96,953.67,735.98,984.99,730.92,984.79,731.43,992.92,794.21,1018.6,791.96,1090.83,802.66,1123.66,784.81,1176.54,783.71,1212.66,765.49,1203.21,772.76,1237.16,761.59,1209.09,772.59,1237.44,758.82,1197.46,780.1,1230.72,761.07,1170.43,891.41,1180.63,912.95,1307.61,844.9,1330.02,852.74,1448.76,867.52,1501.55,879.93,1471.96,882.58,1526.58,897.95,1478.48,798.01,1524.45,806.4
9,978.25,715.85,961.83,713.61,960.41,715.0,958.93,716.36,962.09,714.32,961.0,716.06,959.82,717.88,952.52,735.03,953.62,736.01,984.97,730.91,984.78,731.39,992.89,794.57,1018.58,791.96,1091.24,802.92,1123.67,784.84,1177.23,783.81,1212.75,765.78,1203.64,772.28,1237.2,761.69,1210.63,772.87,1237.42,758.99,1198.33,780.11,1230.7,761.34,1170.39,891.79,1180.6,912.88,1307.49,845.04,1330.07,853.02,1448.74,867.95,1501.06,880.21,1471.72,882.71,1526.37,898.54,1479.17,798.5,1523.97,806.47
10,978.23,715.83,961.79,713.6,960.37,715.0,958.88,716.36,962.05,714.29,960.97,716.03,959.8,717.85,952.48,735.07,953.59,736.03,984.96,730.91,984.78,731.38,992.89,794.92,1018.46,791.96,1091.5,803.04,1123.69,784.91,1178.0,783.7,1212.7,766.08,1205.85,772.18,1237.14,761.84,1211.69,772.87,1237.3,759.13,1199.31,779.91,1230.58,761.53,1170.37,892.42,1180.57,912.88,1307.47,845.06,1330.27,853.16,1449.14,868.32,1501.06,880.49,1471.73,882.9,1526.39,899.3,1480.26,799.48,1523.98,807.17
11,978.23,715.83,961.79,713.59,960.37,714.99,958.88,716.37,962.05,714.28,960.97,716.01,959.79,717.83,952.48,735.09,953.57,736.05,984.96,730.9,984.79,731.37,992.98,794.94,1018.34,791.99,1091.59,802.86,1123.68,785.01,1179.11,783.38,1212.62,766.29,1207.31,772.1,1237.07,761.94,1212.68,772.88,1237.2,759.2,1201.71,780.01,1230.48,761.65,1170.37,892.61,1180.44,912.88,1307.45,845.08,1330.4,853.27,1449.74,868.62,1501.06,880.74,1471.8,883.16,1526.4,899.81,1481.22,799.89,1524.15,808.37
12,978.27,715.85,961.8,713.59,960.38,714.99,958.89,716.38,962.07,714.27,960.99,716.0,959.8,717.83,952.47,735.14,953.57,736.09,985.02,730.92,984.85,731.38,993.17,794.94,1018.32,792.13,1091.6,802.58,1123.64,785.17,1181.46,783.11,1212.54,766.43,1208.6,771.95,1237.06,762.06,1213.79,772.87,1237.19,759.31,1203.39,780.04,1230.46,761.78,1170.38,892.64,1180.34,912.92,1307.48,845.08,1330.46,853.31,1450.31,868.99,1501.11,881.07,1472.02,883.47,1526.59,900.47,1481.96,800.68,1524.67,809.13
13,978.45,715.99,961.87,713.6,960.45,715.02,958.94,716.43,962.14,714.28,961.05,716.01,959.86,717.83,952.48,735.26,953.59,736.16,985.14,731.06,984.95,731.51,993.36,795.11,1018.31,792.14,1091.85,802.53,1123.69,785.24,1182.66,782.58,1212.54,766.51,1208.82,771.76,1237.02,762.11,1214.04,772.68,1237.13,759.34,1204.21,779.79,1230.43,761.83,1170.41,892.87,1180.31,912.87,1307.5,845.23,1330.43,853.35,1450.78,869.52,1501.12,881.35,1472.36,883.97,1526.65,900.91,1482.24,800.97,1524.86,809.44
14,978.54,716.16,961.9,713.65,960.48,715.08,958.97,716.52,962.17,714.33,961.08,716.05,959.89,717.87,952.49,735.44,953.61,736.31,985.22,731.24,985.03,731.67,993.48,795.33,1018.35,792.17,1091.87,802.61,1123.87,785.37,1182.14,782.57,1212.56,766.56,1208.49,771.87,1237.03,762.17,1213.76,772.74,1237.13,759.39,1204.07,779.83,1230.44,761.87,1170.42,893.15,1180.3,912.84,1307.49,845.39,1330.31,853.47,1450.75,869.75,1501.04,881.66,1472.36,884.11,1526.64,901.27,1482.2,801.09,1524.86,809.48
15,978.59,716.37,961.9,713.76,960.48,715.2,958.97,716.67,962.17,714.42,961.08,716.14,959.89,717.97,952.49,735.67,953.61,736.49,985.3,731.49,985.09,731.91,993.71,795.56,1018.36,792.37,1092.63,802.73,1123.95,785.54,1182.5,782.66,1212.58,766.66,1208.39,772.02,1237.02,762.29,1213.66,772.8,1237.11,759.48,1204.13,779.84,1230.44,761.95,1170.49,893.57,1180.3,912.86,1307.49,845.8,1329.99,853.65,1450.55,869.86,1500.94,881.91,1472.34,884.13,1526.56,901.51,1482.14,801.23,1524.85,809.63
16,978.59,716.56,961.87,713.93,960.45,715.38,958.95,716.87,962.13,714.61,961.04,716.34,959.85,718.18,952.48,735.88,953.59,736.72,985.31,731.69,985.09,732.13,994.5,795.71,1018.34,792.57,1093.53,802.89,1123.98,785.74,1182.87,782.67,1212.59,766.77,1208.6,772.13,1237.01,762.33,1213.84,772.78,1237.1,759.51,1204.48,779.73,1230.45,762.0,1170.66,893.96,1180.36,912.94,1307.48,846.72,1329.77,853.92,1449.99,869.99,1500.81,882.01,1472.08,884.18,1526.43,901.6,1482.01,801.27,1524.82,809.66
17,978.56,716.67,961.81,714.1,960.39,715.56,958.9,717.08,962.04,714.82,960.95,716.59,959.76,718.46,952.45,736.13,953.53,737.09,985.31,731.81,985.09,732.29,994.92,795.82,1018.34,792.69,1093.64,802.93,1124.17,785.82,1182.61,782.7,1212.61,766.94,1208.46,772.2,1237.01,762.4,1213.71,772.83,1237.1,759.63,1204.39,779.77,1230.45,762.23,1170.73,894.51,1180.37,913.08,1307.41,847.43,1329.39,854.03,1449.66,870.41,1500.74,882.06,1471.98,884.38,1526.41,901.7,1481.9,801.54,1524.81,809.66
18,978.56,716.85,961.77,714.38,960.36,715.87,958.87,717.42,962.0,715.11,960.9,716.89,959.71,718.77,952.43,736.47,953.5,737.42,985.31,731.99,985.09,732.48,995.24,795.9,1018.3,792.91,1093.86,802.96,1124.28,785.94,1181.96,782.74,1212.68,767.07,1208.35,772.25,1237.02,762.43,1213.62,772.87,1237.12,759.73,1204.3,779.8,1230.49,762.42,1170.84,894.82,1180.38,913.19,1307.4,847.78,1329.32,854.15,1449.49,870.67,1500.75,882.12,1471.96,884.44,1526.44,901.79,1481.74,801.67,1524.81,809.65
19,978.6,717.0,961.77,714.55,960.36,716.06,958.87,717.64,962.0,715.26,960.9,717.03,959.71,718.9,952.42,736.71,953.5,737.57,985.38,732.09,985.14,732.58,995.46,796.07,1018.23,793.07,1094.42,803.43,1124.53,786.22,1182.42,782.99,1213.07,767.27,1208.78,772.32,1237.15,762.48,1214.02,772.91,1237.23,759.76,1204.87,779.81,1230.7,762.5,1171.03,895.37,1180.48,913.3,1307.45,848.04,1329.32,854.21,1449.49,870.73,1500.75,882.15,1472.11,884.44,1526.44,901.91,1481.73,801.86,1524.84,809.71
20,978.64,717.36,961.78,714.88,960.36,716.39,958.87,717.98,962.0,715.54,960.91,717.28,959.71,719.11,952.42,737.02,953.51,737.75,985.43,732.37,985.18,732.81,995.38,796.62,1018.25,793.18,1094.12,805.65,1124.55,786.96,1182.3,785.58,1213.64,767.69,1208.27,776.99,1237.56,763.11,1213.48,776.8,1237.47,760.06,1204.77,781.64,1230.93,762.9,1171.04,895.91,1180.58,913.35,1307.45,848.41,1329.33,854.22,1449.49,870.77,1500.78,882.15,1472.15,884.44,1526.46,901.93,1481.71,802.21,1524.88,809.76
21,978.64,717.67,961.76,715.21,960.35,716.71,958.86,718.28,961.98,715.9,960.88,717.63,959.69,719.46,952.41,737.34,953.5,738.12,985.44,732.65,985.19,733.15,995.3,797.11,1018.19,793.67,1090.79,808.69,1123.97,787.67,1177.74,787.35,1213.63,767.9,1202.51,778.91,1237.56,763.38,1208.53,778.25,1237.47,760.13,1201.2,782.69,1230.93,762.95,1171.04,896.29,1180.58,913.62,1307.44,848.83,1329.34,854.28,1449.48,870.8,1500.87,882.15,1472.23,884.44,1526.48,902.01,1481.7,802.73,1525.03,809.82
22,978.64,717.9,961.74,715.41,960.33,716.9,958.85,718.47,961.96,716.08,960.87,717.82,959.67,719.64,952.4,737.59,953.49,738.38,985.47,732.89,985.19,733.44,995.04,797.45,1018.01,793.75,1088.42,811.94,1123.05,788.27,1170.11,799.52,1213.64,768.54,1197.28,791.05,1237.81,765.08,1196.92,793.77,1237.79,761.42,1192.57,795.49,1231.06,764.03,1170.98,896.5,1180.56,913.87,1307.36,849.06,1329.33,854.34,1449.48,870.8,1501.0,882.2,1472.29,884.43,1526.49,902.12,1481.82,802.99,1525.3,809.96
23,978.66,718.42,961.73,715.78,960.33,717.27,958.84,718.83,961.96,716.4,960.86,718.1,959.67,719.88,952.39,737.92,953.49,738.59,985.52,733.35,985.22,733.9,994.1,798.17,1017.48,793.64,1086.09,813.77,1121.45,788.82,1164.88,803.67,1212.92,769.86,1193.5,794.66,1237.43,767.03,1192.47,796.28,1237.54,762.83,1188.34,796.74,1230.61,765.39,1170.6,897.02,1180.52,913.98,1307.05,849.26,1329.28,854.46,1449.37,870.8,1501.0,882.23,1472.29,884.36,1526.47,902.17,1481.91,802.93,1525.33,809.95
24,978.65,718.74,961.67,716.12,960.27,717.61,958.79,719.17,961.9,716.72,960.81,718.41,959.62,720.18,952.34,738.27,953.47,738.87,985.53,733.56,985.22,734.14,993.43,798.61,1016.15,793.64,1085.3,814.96,1120.15,789.94,1164.22,804.32,1212.76,771.23,1193.91,796.21,1237.43,768.8,1192.96,797.21,1237.57,764.58,1188.9,797.65,1230.59,767.18,1170.16,897.11,1180.24,914.11,1306.6,849.25,1329.08,854.72,1449.06,870.83,1501.03,882.25,1471.94,884.39,1526.47,902.18,1481.97,802.91,1525.46,809.96
25,978.32,718.77,961.32,716.35,959.95,717.83,958.52,719.37,961.53,717.05,960.45,718.78,959.27,720.58,952.22,738.45,953.23,739.21,985.41,733.57,985.03,734.17,993.44,798.27,1014.41,794.56,1085.42,814.48,1119.09,792.25,1165.11,803.52,1212.12,773.82,1193.95,797.93,1237.36,771.21,1196.22,794.53,1237.52,766.36,1189.04,798.39,1230.15,769.33,1170.12,896.89,1180.06,914.56,1306.42,849.23,1328.88,855.39,1448.92,870.83,1501.04,882.32,1471.67,884.39,1526.46,902.21,1482.02,802.86,1525.68,810.14
26,978.31,718.85,961.28,716.71,959.91,718.2,958.49,719.75,961.46,717.4,960.35,719.14,959.16,720.93,952.18,738.77,953.06,739.62,985.41,733.6,985.0,734.22,993.82,797.81,1012.22,795.05,1085.57,814.31,1117.56,794.77,1170.5,802.46,1211.85,776.4,1199.14,795.68,1237.36,774.31,1204.82,793.18,1237.54,768.93,1193.7,799.12,1230.12,771.71,1170.05,896.86,1179.07,914.79,1305.46,848.98,1328.38,855.86,1448.24,870.83,1500.91,882.34,1470.81,884.44,1526.22,902.21,1481.97,802.85,1525.8,810.33
27,978.19,719.22,961.15,717.53,959.8,718.97,958.4,720.44,961.26,718.25,960.13,719.97,958.91,721.75,952.07,739.16,952.68,740.37,985.3,733.69,984.74,734.39,994.63,797.72,1009.87,795.24,1086.77,814.62,1116.68,796.48,1174.84,801.7,1211.66,779.03,1201.75,794.41,1237.32,776.57,1209.83,792.29,1237.53,771.37,1196.08,798.29,1230.0,773.88,1170.09,897.07,1178.29,915.14,1304.76,848.75,1328.23,856.93,1448.14,870.62,1500.7,882.34,1470.75,884.32,1526.03,902.21,1481.91,802.79,1525.8,810.37
28,978.0,719.55,961.0,718.2,959.69,719.58,958.32,720.99,960.99,719.04,959.82,720.81,958.56,722.64,951.96,739.51,952.1,741.43,985.12,733.82,984.41,734.68,995.84,797.01,1008.41,795.78,1088.73,813.71,1116.08,799.65,1176.55,798.73,1210.72,782.09,1202.97,794.07,1237.23,780.31,1210.38,791.78,1237.53,774.4,1198.95,795.52,1229.73,776.37,1170.18,897.16,1177.5,915.41,1303.63,848.05,1328.23,859.06,1448.12,870.38,1500.66,882.45,1470.75,884.17,1526.03,902.34,1481.9,802.74,1525.87,810.46
29,977.9,719.65,960.89,718.42,959.59,719.73,958.24,721.09,960.77,719.54,959.54,721.44,958.23,723.41,951.87,739.51,951.63,742.15,985.04,733.81,984.21,734.76,998.05,792.3,1007.24,798.44,1090.66,810.23,1117.19,806.03,1178.19,794.14,1211.19,784.3,1204.59,788.52,1238.29,782.58,1211.44,786.35,1238.14,776.3,1200.96,790.1,1230.43,777.78,1170.33,895.94,1176.42,916.18,1303.13,846.99,1328.22,861.09,1448.16,869.64,1500.38,882.66,1471.48,883.95,1525.98,902.67,1481.82,802.14,1525.88,810.47
30,977.14,719.81,960.33,718.62,959.15,719.82,957.89,721.11,960.0,720.27,958.74,722.43,957.37,724.7,951.72,739.41,950.91,743.33,984.77,733.78,983.69,735.0,999.76,786.4,1006.03,801.88,1091.51,804.56,1117.43,811.1,1179.9,788.74,1211.24,787.71,1204.57,784.75,1238.3,786.62,1211.15,783.26,1238.02,780.08,1202.25,785.42,1230.37,780.75,1170.63,891.84,1175.12,917.17,1302.27,844.26,1327.8,864.55,1448.39,868.7,1500.23,882.93,1472.74,883.69,1525.96,902.95,1481.81,801.91,1525.74,811.12
31,976.62,720.1,959.9,718.86,958.83,719.94,957.65,721.14,959.34,720.99,958.03,723.37,956.56,725.9,951.69,739.2,950.2,744.41,984.58,733.78,983.33,735.35,1002.4,784.24,1002.95,803.27,1092.29,800.0,1116.21,815.59,1179.7,787.82,1210.89,791.08,1203.88,784.12,1238.29,790.33,1210.71,783.15,1237.96,783.61,1202.02,785.74,1229.98,784.35,1172.19,891.04,1174.99,917.56,1302.31,843.73,1327.82,866.18,1449.77,868.98,1500.18,883.17,1473.41,883.81,1526.11,903.26,1481.84,803.36,1525.52,811.73
32,975.58,720.35,959.18,719.2,958.26,720.12,957.22,721.19,958.32,721.92,956.91,724.57,955.26,727.42,951.6,738.96,949.02,746.01,984.08,733.76,982.55,735.72,1006.77,776.95,999.42,808.6,1094.93,793.48,1110.48,822.72,1181.41,785.6,1209.44,794.78,1205.19,783.43,1238.12,793.72,1211.49,782.96,1237.51,786.9,1202.31,785.76,1229.19,787.31,1172.95,887.12,1173.18,919.73,1301.97,840.82,1326.72,867.62,1452.56,869.53,1499.95,883.47,1475.18,883.97,1526.23,903.53,1483.05,804.13,1525.5,813.45
33,974.79,720.39,958.64,719.38,957.82,720.21,956.89,721.21,957.52,722.41,955.98,725.27,954.12,728.42,951.53,738.65,947.76,747.27,983.66,733.67,981.87,735.83,1010.78,770.29,995.82,811.96,1097.44,789.0,1102.42,826.41,1184.22,783.61,1203.11,801.36,1209.97,782.26,1234.28,799.03,1215.43,782.46,1234.41,791.1,1205.79,785.0,1225.18,791.64,1174.87,883.29,1171.81,920.26,1301.98,838.88,1325.54,868.86,1453.48,870.5,1499.69,883.65,1475.34,884.65,1526.26,903.63,1483.24,804.79,1525.46,814.24
34,974.8,720.4,958.63,719.4,957.82,720.22,956.89,721.2,957.49,722.63,955.94,725.64,954.07,728.96,951.56,738.28,947.72,748.12,983.68,733.54,981.88,735.95,1012.17,766.11,995.84,814.95,1098.37,783.87,1103.88,831.75,1186.47,781.47,1201.96,806.27,1212.84,780.78,1233.76,804.43,1217.03,782.2,1233.75,795.35,1207.79,784.5,1224.51,795.62,1175.57,882.21,1171.28,921.06,1301.67,836.53,1324.72,869.29,1453.45,871.33,1499.52,884.01,1475.3,885.43,1526.25,904.14,1483.85,805.46,1525.51,815.53
35,974.6,720.29,958.53,719.28,957.76,720.01,956.86,720.87,957.31,722.6,955.73,725.65,953.85,729.05,951.58,737.57,947.52,748.79,983.69,733.17,981.87,735.95,1014.49,761.2,993.51,820.41,1102.66,779.65,1103.47,838.21,1180.57,779.5,1200.61,811.24,1207.74,780.79,1231.69,810.15,1207.8,782.08,1231.22,799.56,1199.24,784.06,1221.63,799.33,1176.52,878.1,1169.25,921.79,1301.66,833.18,1322.82,872.07,1454.4,871.96,1499.45,884.65,1476.39,885.72,1526.38,904.37,1489.16,805.74,1526.12,816.8
36,974.61,720.13,958.54,719.13,957.78,719.76,956.9,720.52,957.32,722.58,955.75,725.67,953.88,729.19,951.83,736.99,947.56,749.4,983.91,732.75,981.96,735.96,1017.02,755.41,992.4,827.0,1105.78,775.67,1103.58,846.83,1180.29,780.97,1198.26,815.79,1207.37,784.18,1228.82,815.98,1206.54,786.6,1227.17,803.65,1197.41,787.49,1217.15,803.16,1177.28,874.82,1166.8,923.11,1303.96,832.97,1320.97,875.4,1459.25,872.72,1499.34,885.4,1481.44,886.38,1526.76,905.13,1494.32,805.87,1526.29,817.66
37,974.58,719.51,958.55,718.56,957.79,719.13,956.91,719.84,957.33,722.28,955.76,725.51,953.88,729.16,951.84,736.04,947.4,749.26,983.91,731.95,981.94,735.72,1019.67,751.86,988.76,829.37,1104.89,775.61,1094.23,857.19,1176.2,785.57,1189.28,821.84,1201.24,792.79,1216.16,823.8,1201.07,795.6,1215.38,812.18,1191.41,795.6,1205.54,811.49,1178.49,873.44,1165.49,923.57,1306.55,833.66,1319.34,877.52,1464.05,873.27,1499.16,885.8,1486.76,886.84,1526.83,905.35,1499.59,807.89,1526.71,818.52
38,975.53,719.3,959.45,718.16,958.65,718.67,957.71,719.33,958.0,722.19,956.28,725.49,954.26,729.07,952.43,735.49,947.74,749.14,984.6,731.52,982.3,735.67,1021.28,748.35,984.66,831.33,1104.17,774.36,1085.07,863.64,1174.39,789.98,1181.93,826.88,1199.41,798.76,1207.83,829.23,1198.8,801.73,1205.97,817.27,1189.27,801.39,1196.77,816.49,1179.06,869.11,1164.83,923.43,1307.06,833.24,1319.05,878.14,1465.24,873.24,1497.98,885.83,1489.04,886.83,1526.86,905.35,1501.37,808.08,1526.69,818.7
39,977.33,719.12,961.14,717.55,960.32,717.93,959.31,718.47,959.43,721.97,957.58,725.36,955.41,729.04,953.56,734.93,948.34,749.11,986.07,730.92,983.48,735.62,1021.99,745.32,981.48,834.71,1103.7,775.17,1080.74,868.03,1171.26,794.14,1174.37,832.53,1195.02,805.11,1198.95,833.4,1193.23,807.7,1194.69,822.16,1184.53,806.29,1186.96,821.06,1179.54,866.12,1162.24,923.33,1307.48,834.8,1314.49,879.96,1468.64,873.96,1495.48,885.82,1493.69,887.65,1525.83,904.47,1505.62,808.04,1526.15,818.61
40,977.61,719.47,961.57,717.61,960.83,717.94,959.92,718.47,959.75,722.28,957.86,725.81,955.6,729.81,954.3,734.61,948.42,750.25,986.26,731.02,983.6,736.37,1025.0,742.89,980.39,838.36,1103.57,776.52,1077.27,873.51,1162.73,806.53,1163.26,839.16,1180.86,818.34,1183.68,839.46,1177.35,820.52,1180.9,829.14,1170.1,819.42,1174.47,827.75,1181.68,868.08,1160.55,924.02,1311.97,839.33,1309.62,885.1,1472.59,875.2,1495.07,886.02,1499.58,889.42,1525.84,904.47,1506.81,809.13,1525.94,818.6
41,977.61,720.91,961.96,718.08,961.42,718.12,960.73,718.49,959.81,723.47,957.86,727.36,955.57,731.69,955.3,733.95,948.43,751.54,986.29,731.7,983.56,738.09,1025.73,742.38,978.93,837.41,1101.31,777.3,1073.06,875.66,1143.53,807.36,1153.29,842.9,1157.06,818.3,1172.31,842.9,1152.44,821.74,1168.88,835.26,1148.8,819.99,1162.22,834.14,1181.73,869.39,1160.6,924.89,1313.23,837.84,1311.44,883.38,1470.57,875.14,1496.82,886.51,1496.68,889.34,1528.7,904.97,1505.51,808.38,1528.32,818.54
42,977.35,721.28,961.93,718.21,961.39,718.13,960.75,718.47,959.64,724.06,957.61,728.18,955.24,732.63,955.66,732.95,948.38,752.08,986.28,731.72,983.37,738.5,1026.93,740.93,977.7,836.62,1096.41,777.85,1071.88,880.49,1135.71,818.67,1144.52,845.43,1145.79,835.9,1160.34,843.25,1137.47,838.52,1156.06,837.01,1135.0,834.09,1150.24,837.58,1181.55,872.0,1158.12,928.77,1313.84,837.15,1311.93,886.77,1469.4,875.33,1498.57,886.7,1495.6,889.42,1531.14,905.04,1504.6,807.84,1528.59,818.31
43,976.53,721.82,961.86,718.31,961.36,718.14,960.84,718.35,959.03,724.55,956.87,728.72,954.41,733.13,956.74,730.98,948.18,752.31,986.16,731.74,982.73,738.86,1029.14,740.82,976.91,836.74,1086.83,778.28,1066.38,877.56,1123.97,819.9,1121.23,852.81,1131.98,836.2,1139.74,851.29,1124.33,840.05,1132.71,845.61,1121.34,835.99,1126.87,846.31,1182.14,873.7,1158.53,930.65,1314.52,836.22,1315.39,889.16,1469.61,875.34,1500.89,886.88,1494.17,889.42,1533.27,905.29,1504.16,807.8,1528.87,818.28
44,976.66,722.26,962.42,718.59,962.27,718.22,962.08,718.36,959.15,725.19,956.91,729.41,954.42,733.82,958.4,730.51,948.23,752.76,986.41,731.85,982.82,739.31,1028.41,739.98,977.12,836.99,1074.56,775.86,1050.25,872.97,1107.91,818.64,1093.39,864.59,1118.33,833.44,1110.06,868.69,1109.35,840.28,1105.76,860.27,1105.83,836.54,1100.58,858.14,1183.97,874.62,1161.14,931.25,1315.2,835.72,1317.87,889.98,1470.7,875.74,1501.79,887.27,1494.24,889.92,1533.19,905.3,1505.08,807.78,1529.19,818.5
45,977.79,722.26,963.56,718.58,963.49,718.18,963.32,718.21,960.07,725.15,957.69,729.33,955.04,733.7,958.79,730.11,948.69,752.31,986.9,731.87,983.18,739.27,1027.76,741.72,977.52,836.15,1068.89,777.88,1052.94,866.49,1085.62,834.61,1072.38,854.74,1091.26,850.62,1073.11,858.84,1081.41,855.42,1066.94,851.92,1081.15,852.35,1064.44,848.36,1184.09,875.28,1162.53,931.09,1315.45,833.95,1321.02,889.51,1470.59,875.25,1502.87,887.36,1493.88,889.88,1533.46,905.26,1504.6,807.04,1529.19,818.22
46,977.89,722.25,963.97,718.54,964.09,718.05,964.09,717.87,960.19,725.11,957.74,729.26,955.06,733.58,959.68,729.01,948.79,751.91,987.08,731.88,983.19,739.27,1027.15,741.54,977.85,834.34,1058.34,783.37,1046.82,845.5,1064.46,849.82,1058.71,848.04,1065.32,869.77,1067.77,855.54,1057.78,870.67,1049.78,846.21,1058.93,865.4,1056.09,844.06,1184.12,875.36,1163.21,930.86,1316.33,832.3,1324.6,888.87,1470.09,875.1,1503.71,887.36,1493.34,889.89,1533.46,905.19,1504.67,807.0,1530.57,817.72
47,978.52,721.26,964.52,718.28,964.52,717.87,964.4,717.73,961.06,724.39,958.72,728.3,956.2,732.3,959.82,729.08,950.79,748.92,987.35,731.62,983.63,738.3,1025.73,742.28,977.9,832.28,1043.53,785.04,1041.68,826.94,1054.78,855.8,1043.56,842.66,1054.3,878.35,1042.96,859.41,1048.13,879.37,1041.22,854.84,1049.04,873.27,1040.68,847.06,1184.23,876.62,1164.11,930.67,1316.95,830.76,1326.46,888.39,1469.87,874.66,1504.14,887.54,1492.93,889.88,1533.32,905.27,1504.55,806.95,1531.32,817.6
48,978.69,718.49,965.12,715.98,965.09,715.83,964.94,715.86,961.62,721.44,959.24,725.15,956.69,728.95,960.04,728.81,951.28,745.99,987.31,729.64,983.62,735.59,1023.29,743.9,978.17,828.95,1034.6,807.86,1034.21,824.96,1035.35,873.07,1034.98,857.6,1035.32,892.74,1027.61,874.66,1028.71,891.88,1029.47,865.46,1031.36,886.44,1034.41,860.46,1184.51,877.7,1164.42,930.54,1316.79,829.65,1326.75,888.15,1468.99,874.14,1504.99,887.59,1492.64,889.84,1533.98,905.15,1504.39,806.93,1531.92,817.58
49,979.84,718.35,966.36,715.27,966.43,715.06,966.37,715.0,962.26,720.93,959.63,724.71,956.9,728.53,961.08,728.5,951.26,745.77,987.97,729.68,984.05,735.65,1022.5,746.07,978.2,829.27,1035.05,810.91,1029.73,829.53,1020.02,873.55,1011.3,862.24,1018.35,889.54,1009.93,873.45,1018.89,885.25,993.99,876.98,1017.67,880.73,1003.16,866.07,1185.5,876.82,1165.58,930.48,1317.56,827.77,1327.01,888.25,1468.92,872.98,1506.06,888.03,1492.34,889.31,1534.09,905.25,1505.39,805.2,1533.38,817.82
50,981.92,718.32,967.57,715.07,967.59,714.89,967.51,714.83,963.28,720.69,960.44,724.5,957.56,728.29,962.04,728.55,951.8,745.79,990.06,729.7,986.2,735.66,1022.47,749.52,978.25,829.27,1040.59,817.72,1029.6,847.95,1003.12,880.34,996.3,876.99,993.78,897.87,983.99,887.04,987.04,893.78,975.02,888.1,998.43,883.76,982.45,881.52,1186.55,877.04,1166.68,930.41,1318.03,825.34,1326.98,888.37,1468.71,872.7,1507.89,888.38,1492.31,889.27,1535.17,905.65,1506.85,804.23,1534.45,817.83
51,982.37,718.35,967.7,715.09,967.85,714.78,967.93,714.58,963.24,721.05,960.43,725.1,957.51,729.11,963.62,728.05,952.13,746.06,990.77,729.72,986.6,736.99,1023.02,748.84,981.8,832.57,1030.8,811.54,1034.41,889.12,978.64,881.47,988.6,898.82,967.07,900.57,973.78,905.11,961.36,897.88,966.85,902.0,967.19,890.95,973.65,897.74,1189.53,877.03,1168.53,930.32,1318.87,823.68,1326.91,888.74,1468.56,872.54,1508.02,888.59,1493.38,889.25,1535.41,905.81,1507.69,803.86,1534.89,818.3
52,981.12,721.13,966.58,715.95,967.21,715.02,967.64,714.61,961.05,724.27,958.06,728.88,955.23,732.95,963.93,727.68,952.1,748.08,990.64,731.93,985.72,741.91,1024.13,747.67,984.18,835.62,1019.04,808.79,1036.06,901.82,965.88,881.3,973.64,902.4,952.46,901.31,959.08,906.36,945.6,899.38,951.66,904.65,952.7,891.89,959.25,900.88,1192.35,876.69,1170.34,930.25,1319.28,822.51,1326.94,889.59,1467.09,872.78,1508.08,888.68,1493.35,889.91,1535.53,905.77,1507.5,803.71,1534.78,818.31
53,978.24,723.89,964.96,717.25,966.02,715.69,966.85,714.8,958.38,726.92,955.18,731.49,952.02,735.65,963.85,727.6,950.38,750.11,988.81,733.22,982.95,744.31,1024.21,747.59,983.87,836.04,1021.38,800.2,1035.61,902.54,967.42,874.82,960.64,903.03,950.86,900.69,935.32,907.41,940.21,891.73,927.35,905.4,948.47,875.64,938.19,902.68,1193.81,875.83,1170.98,930.2,1319.2,822.02,1326.6,891.25,1465.61,872.76,1508.14,888.71,1491.81,889.81,1535.48,905.78,1506.95,803.71,1534.11,818.32
54,973.91,728.09,961.88,720.3,963.38,717.72,964.66,715.82,954.87,731.61,952.09,735.79,949.38,739.44,963.78,727.63,950.32,751.51,986.43,735.09,979.05,747.81,1024.37,745.13,984.12,836.66,1009.28,792.6,1024.91,907.78,948.83,858.14,948.75,899.71,935.15,892.41,923.13,905.94,929.51,887.34,915.14,903.17,939.76,874.81,926.63,899.8,1194.22,874.68,1170.94,929.93,1319.31,821.05,1325.82,892.36,1464.85,872.91,1508.15,888.66,1490.93,889.84,1535.59,905.43,1506.23,803.95,1533.83,818.16
55,963.17,753.83,954.64,740.05,956.53,736.33,958.49,732.28,950.3,747.19,949.19,748.54,947.88,749.75,964.0,731.29,951.65,753.82,981.12,752.03,975.06,761.16,1025.36,745.21,990.82,836.47,993.65,806.9,1008.19,905.86,935.12,881.49,941.41,900.45,918.56,901.08,920.25,904.88,913.35,897.64,911.45,903.76,922.53,891.46,924.63,899.42,1194.45,874.71,1170.86,929.88,1319.25,820.75,1322.82,893.55,1464.25,873.12,1508.42,888.64,1490.51,889.83,1536.16,905.17,1505.49,804.58,1533.39,817.65
56,957.71,764.37,950.06,749.11,951.92,745.38,953.83,741.26,946.68,755.18,946.25,755.83,945.68,756.38,963.96,733.99,952.24,755.27,977.11,761.55,971.85,770.43,1026.28,745.12,995.7,837.2,992.57,812.05,1001.76,909.56,921.23,888.34,918.68,902.91,901.94,903.3,894.21,905.96,900.06,898.67,890.9,903.05,906.82,895.75,900.4,901.92,1194.72,874.73,1170.84,929.88,1319.22,820.43,1321.68,894.72,1464.13,873.12,1508.65,888.55,1490.48,889.62,1536.67,904.74,1504.35,804.57,1532.2,817.04
57,954.94,767.26,947.69,751.49,949.56,747.81,951.46,743.82,944.29,757.65,943.91,758.4,943.5,759.02,963.71,735.21,952.22,756.09,973.78,765.12,968.66,774.16,1026.34,744.13,995.71,839.61,993.09,810.13,995.51,915.15,929.9,883.54,914.35,901.85,913.93,898.08,896.15,902.31,912.63,894.93,894.77,900.35,919.5,891.01,901.25,897.48,1196.08,873.64,1171.37,929.81,1319.71,819.44,1321.7,895.26,1463.42,872.98,1508.74,888.52,1490.54,889.53,1536.88,904.38,1503.97,804.57,1531.23,817.03
58,954.83,765.95,947.38,750.37,949.17,747.01,950.96,743.4,943.98,756.14,943.54,756.89,943.06,757.6,963.57,736.08,952.4,755.88,972.57,764.24,967.79,772.83,1026.48,742.37,994.79,840.07,993.16,809.14,988.01,914.96,926.28,880.96,908.34,901.4,907.41,896.22,891.11,901.65,909.5,892.96,890.87,898.43,915.12,889.35,898.25,896.21,1197.29,872.07,1171.39,929.66,1320.25,818.65,1321.59,895.68,1463.34,872.88,1508.69,888.21,1490.24,888.78,1536.86,903.05,1503.93,804.12,1531.12,816.47
59,954.74,766.14,947.49,750.36,949.23,747.04,950.96,743.55,944.2,756.11,943.76,756.8,943.26,757.49,963.53,737.07,952.97,755.8,972.58,764.13,968.12,772.75,1026.56,741.88,994.56,841.91,988.63,808.36,980.92,917.13,921.55,879.87,905.99,901.1,904.89,895.26,894.17,900.54,907.8,891.8,894.03,897.01,913.02,888.47,899.23,895.4,1198.51,871.07,1172.12,929.62,1320.74,817.53,1322.25,895.85,1463.16,872.93,1508.66,888.12,1489.36,888.71,1536.85,902.83,1503.67,804.38,1531.12,816.15
60,954.58,767.01,947.3,751.06,949.02,747.65,950.72,744.12,944.01,757.05,943.56,757.77,943.01,758.45,963.51,737.68,953.01,755.93,972.26,764.83,967.96,773.52,1026.61,741.33,994.21,843.24,983.98,808.0,978.4,919.32,918.1,878.64,901.23,899.91,903.63,894.95,889.67,896.69,905.55,890.57,889.74,891.66,912.39,888.3,894.62,894.07,1199.23,870.51,1172.38,929.71,1321.32,816.51,1322.16,895.72,1463.15,872.84,1508.33,888.19,1489.12,888.51,1536.58,902.99,1503.67,804.16,1530.96,815.92
61,955.26,764.5,947.71,749.36,949.39,746.07,951.04,742.65,944.38,755.63,943.85,756.63,943.23,757.55,963.49,737.61,953.02,756.01,972.61,763.01,968.34,771.8,1026.59,741.27,993.48,843.78,982.73,807.94,983.06,924.21,918.03,877.93,901.63,899.44,903.47,893.59,888.51,894.62,904.92,888.52,888.46,889.36,912.01,886.7,893.82,893.45,1199.26,870.39,1172.46,930.1,1321.3,815.31,1322.23,895.58,1463.03,872.87,1508.08,888.2,1488.71,888.44,1536.55,903.0,1503.59,803.92,1530.62,815.03
62,955.82,762.64,948.09,748.28,949.74,745.19,951.34,742.01,944.57,754.46,943.94,755.62,943.22,756.7,963.35,737.44,952.79,756.03,972.93,762.76,968.63,771.02,1026.57,741.17,992.8,843.72,982.38,808.48,985.66,926.57,919.39,878.12,903.31,899.46,902.2,893.65,889.67,894.19,903.54,889.08,889.43,888.68,911.28,886.47,894.87,893.25,1199.03,870.39,1172.46,930.19,1321.38,814.16,1322.33,895.48,1462.88,872.9,1507.93,888.25,1488.28,888.52,1536.53,903.05,1503.36,803.92,1530.61,814.76
63,956.31,761.27,948.3,747.32,949.84,744.3,951.45,741.3,944.83,753.77,944.12,755.13,943.31,756.46,963.46,736.99,952.67,756.41,973.21,762.04,968.84,770.01,1026.67,740.55,992.53,843.5,982.75,808.33,987.27,927.85,918.69,877.95,904.12,899.31,900.66,893.61,890.52,894.12,901.63,889.49,890.29,888.57,909.58,886.37,896.66,892.73,1198.87,870.32,1172.4,930.21,1322.17,813.2,1322.67,895.44,1463.04,873.1,1507.93,888.24,1488.4,888.92,1537.02,903.06,1503.2,803.98,1530.48,814.15
64,956.63,760.45,948.42,746.71,950.17,743.7,952.02,740.8,944.99,753.29,944.26,754.76,943.4,756.18,964.18,735.99,952.68,756.42,973.42,761.39,968.97,769.35,1027.91,739.88,992.44,843.33,983.47,808.2,987.35,928.51,916.93,877.96,903.28,899.33,898.32,893.38,889.87,894.04,899.81,889.35,889.29,888.53,907.62,886.21,895.98,892.37,1198.74,870.36,1172.39,930.21,1322.33,811.0,1324.26,895.16,1463.18,873.16,1508.07,888.18,1488.41,888.97,1537.74,903.06,1503.22,804.0,1530.48,813.6
65,956.66,759.92,948.66,746.31,950.38,743.28,952.17,740.3,945.14,752.94,944.37,754.45,943.47,755.91,964.31,735.94,953.11,756.37,973.5,760.88,969.05,768.98,1028.89,739.92,992.5,843.22,982.04,808.7,984.02,926.21,916.11,878.24,902.55,899.32,896.76,893.23,889.54,894.01,899.99,889.16,888.98,888.51,908.28,885.89,895.64,892.11,1198.18,871.79,1172.56,930.27,1321.96,809.2,1324.24,892.89,1463.05,873.19,1508.35,888.13,1488.12,888.99,1538.43,903.07,1503.01,804.0,1530.42,812.91
66,957.81,757.78,950.73,744.38,952.79,740.93,954.92,737.37,946.48,752.18,945.52,754.05,944.45,755.76,966.69,734.35,953.68,756.35,974.76,757.85,970.03,766.89,1029.6,739.94,992.76,843.12,982.84,806.31,984.56,926.22,919.66,873.48,905.54,899.72,900.64,889.65,891.7,895.25,902.44,885.45,890.59,889.62,910.53,882.54,897.25,892.42,1196.71,873.52,1172.59,930.38,1321.18,808.62,1324.17,890.09,1462.55,872.73,1508.47,888.17,1487.67,888.67,1538.51,903.44,1503.0,803.7,1530.49,812.7
67,958.62,757.77,951.62,744.76,953.78,741.23,956.03,737.55,947.57,752.32,946.84,754.08,946.03,755.7,968.52,734.19,955.82,756.33,976.45,757.71,971.92,766.77,1031.96,740.36,994.28,842.7,984.37,806.08,985.63,925.53,921.54,873.51,907.11,899.6,902.85,889.41,892.68,895.17,904.55,885.55,891.46,889.61,912.43,882.52,898.17,892.3,1195.48,875.31,1172.62,930.4,1320.55,808.15,1322.99,887.28,1461.94,872.19,1507.81,888.2,1487.7,888.66,1538.3,903.78,1503.05,803.63,1530.58,812.43
68,961.25,757.67,954.7,744.63,957.04,740.99,959.46,737.12,950.32,752.22,949.56,753.97,948.75,755.59,971.5,733.43,958.84,756.13,978.97,757.63,973.76,766.68,1034.29,740.87,996.52,840.75,994.67,802.42,986.66,922.3,927.98,871.86,910.48,899.83,909.12,888.27,896.47,895.62,909.65,884.77,897.65,889.86,917.93,881.36,904.42,892.22,1194.7,876.84,1172.96,930.4,1320.19,808.35,1322.93,882.1,1461.58,870.79,1507.79,888.2,1487.28,887.85,1538.12,903.92,1503.49,802.29,1532.36,812.42
69,966.83,749.56,960.11,737.14,962.49,733.61,964.82,729.95,954.97,745.95,953.85,748.5,952.6,751.06,974.3,730.29,962.03,754.2,984.5,749.99,978.95,760.71,1037.52,742.3,998.86,834.26,997.3,802.52,990.73,916.24,930.07,872.66,914.36,899.77,911.77,888.37,897.16,897.59,910.97,885.16,897.6,894.3,919.71,881.71,904.92,894.04,1194.7,878.23,1174.49,929.87,1319.2,809.33,1323.38,873.51,1460.92,869.31,1507.79,887.69,1484.71,887.38,1537.35,903.98,1503.65,801.46,1533.84,811.1
70,970.33,741.2,968.42,731.07,970.26,728.43,971.99,725.76,963.96,739.35,962.73,742.46,961.48,745.25,978.17,729.8,967.16,752.43,993.04,744.12,987.93,753.72,1041.33,751.13,1004.51,829.47,997.4,809.69,987.7,881.99,936.54,873.79,927.47,895.88,912.28,890.93,898.34,897.09,911.01,887.9,898.02,894.01,919.9,883.45,907.74,893.89,1194.65,882.9,1176.12,927.14,1317.3,812.85,1325.39,865.05,1460.77,868.97,1507.17,887.06,1483.38,887.3,1536.21,904.47,1503.22,801.48,1534.03,810.75
71,982.33,732.39,973.69,726.12,974.98,724.19,976.08,722.23,968.86,734.53,966.86,738.44,964.78,742.15,979.13,729.23,967.23,752.41,997.69,739.75,992.67,748.91,1042.86,755.35,1003.44,830.51,1014.83,809.36,1016.74,891.08,952.92,866.78,944.74,887.14,932.16,880.19,917.5,891.38,925.63,877.23,914.22,888.38,933.46,872.76,924.3,884.66,1194.63,883.24,1176.71,926.5,1314.71,820.02,1325.72,860.34,1460.76,868.87,1506.19,886.17,1482.95,887.3,1534.19,904.47,1502.48,801.79,1533.58,810.42
72,993.06,726.15,979.13,722.64,979.65,721.5,979.94,720.24,974.91,730.29,972.54,734.68,969.99,738.95,979.6,729.3,968.48,752.41,1004.32,735.34,1000.63,743.78,1042.39,757.76,1002.7,830.83,1044.01,805.17,1039.99,881.33,975.63,857.55,970.96,868.44,955.84,874.5,948.76,872.04,946.98,871.8,943.06,874.91,957.0,864.54,953.01,869.98,1192.41,884.37,1176.81,925.84,1312.41,827.54,1325.25,858.07,1460.52,868.5,1505.92,886.13,1482.34,887.27,1533.18,904.7,1502.32,801.61,1533.99,810.42
73,995.79,721.92,980.93,719.07,981.1,718.53,981.0,717.97,977.48,725.52,975.2,729.76,972.54,734.2,979.69,729.33,969.38,751.76,1006.13,731.55,1004.35,738.39,1033.25,772.51,1003.71,815.58,1044.81,803.95,1052.21,838.1,1007.21,831.2,992.3,828.79,995.22,843.64,975.79,831.69,1001.29,833.11,976.55,832.9,1003.53,830.58,982.15,830.51,1185.82,887.42,1176.54,924.58,1311.4,832.15,1325.69,856.55,1457.71,868.5,1505.61,886.13,1478.12,887.6,1531.8,905.49,1499.83,801.63,1534.02,810.66
74,993.26,726.7,980.19,721.56,980.71,720.35,980.98,719.06,976.34,726.66,974.25,734.31,971.9,741.34,980.5,729.35,968.86,760.76,1005.28,733.82,1002.01,740.96,1032.69,764.63,1003.33,823.84,1051.95,757.59,1087.08,862.46,1029.46,772.22,1040.22,812.23,1028.36,773.91,1030.51,795.41,1026.16,777.47,1018.76,796.55,1026.6,781.25,1022.23,801.94,1184.69,886.58,1170.65,924.71,1311.75,838.45,1325.2,859.8,1460.07,868.38,1504.23,886.04,1483.1,887.69,1529.79,905.57,1501.19,801.67,1534.79,811.05
75,994.28,724.97,980.36,721.23,980.3,720.24,980.09,719.22,977.42,727.57,975.27,733.55,972.94,739.42,979.32,730.9,968.67,760.1,1003.86,733.28,1001.22,741.73,1022.6,762.32,1002.99,826.31,1080.38,769.8,1100.67,861.94,1078.99,774.38,1078.74,793.73,1073.2,761.73,1074.2,776.21,1068.13,760.54,1064.75,776.16,1065.6,768.31,1066.12,781.93,1179.96,886.21,1168.39,924.64,1311.88,840.09,1323.81,858.56,1459.45,867.91,1502.46,885.48,1482.59,887.65,1526.72,905.51,1501.03,801.65,1534.89,811.65
76,992.52,726.94,978.97,721.73,979.04,721.05,979.27,721.21,976.07,728.89,974.05,734.38,971.84,739.83,974.63,737.09,968.5,760.27,1002.54,733.81,999.62,742.91,1013.55,767.22,1003.2,827.36,1080.94,754.5,1108.35,843.6,1109.04,737.76,1120.75,761.9,1106.43,729.64,1117.79,745.79,1102.1,733.52,1107.69,747.07,1104.9,740.41,1108.6,752.58,1173.41,885.8,1167.08,922.19,1312.08,839.99,1323.79,856.52,1459.4,867.03,1500.67,884.43,1482.47,886.84,1523.85,905.46,1501.17,801.66,1535.25,813.24
77,992.13,728.95,977.02,725.85,976.63,725.27,976.23,725.24,974.18,733.17,971.73,738.78,969.18,744.2,970.22,740.26,963.6,764.25,1000.91,737.34,998.22,746.9,1008.56,766.86,1002.91,826.08,1078.1,744.64,1110.13,828.2,1129.62,724.71,1140.3,766.82,1137.39,716.59,1149.84,740.77,1137.46,718.1,1144.09,741.03,1135.11,724.2,1139.82,749.03,1163.18,880.9,1163.18,919.7,1308.3,841.27,1318.4,857.56,1458.17,865.66,1493.2,882.28,1480.81,885.19,1515.78,903.12,1500.77,801.67,1534.01,814.09
78,991.23,731.15,974.73,728.95,973.84,728.89,972.85,729.11,972.23,734.74,969.56,739.8,966.76,744.88,965.08,745.83,959.61,765.05,997.72,742.54,995.6,750.89,1003.78,776.88,1001.31,825.07,1077.58,747.5,1105.05,820.94,1145.3,718.06,1159.02,736.38,1164.63,705.91,1175.96,718.9,1164.44,708.38,1170.21,715.19,1158.66,714.31,1162.66,722.54,1161.57,880.74,1163.88,917.44,1305.64,840.98,1318.78,854.61,1455.81,865.21,1491.39,880.27,1477.34,884.38,1511.78,901.29,1496.38,801.7,1532.63,814.65
79,990.88,738.34,973.94,734.08,972.6,734.45,971.15,734.87,971.99,737.73,969.21,741.44,966.27,745.52,960.52,751.98,957.0,764.77,994.62,752.3,993.08,758.27,995.52,791.83,998.3,825.56,1079.26,755.76,1106.45,811.2,1160.44,718.69,1175.69,728.82,1174.33,708.92,1195.58,712.74,1176.71,708.25,1190.42,709.85,1171.92,713.12,1184.05,715.26,1160.55,880.75,1164.31,914.94,1302.72,843.54,1315.75,854.73,1453.81,865.2,1486.56,878.98,1474.31,884.41,1506.37,900.81,1494.45,803.5,1530.68,817.62
80,984.57,744.68,969.61,739.74,968.01,740.51,966.36,741.21,968.9,740.81,966.56,742.98,963.98,745.85,954.35,757.16,952.27,764.32,986.24,758.99,985.41,761.68,987.9,812.99,980.92,819.2,1078.84,802.81,1095.49,801.03,1159.1,735.07,1154.48,740.47,1175.97,721.83,1176.12,723.95,1177.77,716.76,1170.71,719.58,1172.57,722.67,1162.21,728.76,1158.04,887.44,1161.34,909.43,1297.16,851.2,1309.95,854.1,1452.07,867.57,1479.21,877.89,1472.45,885.91,1497.66,900.29,1494.81,811.45,1529.1,819.81
81,982.52,747.93,968.31,742.92,966.7,743.8,965.08,744.62,968.29,742.62,966.26,743.82,963.91,745.94,953.53,758.91,952.66,763.99,983.65,761.48,982.98,762.58,970.95,824.25,973.91,812.72,1071.73,849.29,1085.08,804.43,1129.72,812.69,1146.2,752.33,1148.7,804.9,1166.97,738.88,1146.76,794.78,1164.25,734.61,1140.44,797.63,1156.07,741.44,1152.25,895.32,1155.8,898.81,1295.89,859.77,1306.32,852.33,1452.42,869.04,1474.8,875.17,1473.08,887.04,1494.24,897.44,1495.04,814.79,1527.37,819.88
82,981.55,748.59,967.51,742.83,965.68,743.71,963.77,744.57,968.26,742.43,966.29,743.11,964.35,743.7,951.49,758.09,953.3,758.91,982.31,761.21,982.83,761.74,946.29,842.97,990.41,793.24,1035.87,862.07,1096.26,793.01,1115.1,848.11,1150.4,756.46,1127.01,849.14,1169.89,723.79,1129.67,841.4,1157.47,723.37,1134.18,839.29,1149.73,733.06,1149.02,914.03,1157.37,870.63,1297.46,885.71,1308.23,842.06,1453.99,878.65,1475.35,865.17,1475.92,892.72,1493.59,882.77,1487.47,838.59,1523.97,816.86
83,981.55,748.08,967.31,742.28,965.32,743.14,963.21,744.0,968.31,742.29,966.71,742.17,965.35,742.03,950.99,756.81,953.74,755.23,982.9,759.68,983.37,761.3,937.86,849.31,997.9,782.28,1023.84,858.26,1106.74,794.61,1067.1,825.7,1116.67,762.68,1078.83,820.6,1111.02,730.61,1073.71,814.02,1090.35,744.19,1071.7,814.6,1089.35,752.49,1150.45,914.94,1159.48,858.28,1298.43,891.01,1309.13,837.22,1454.81,880.78,1472.48,856.85,1477.95,893.94,1491.47,872.92,1483.5,842.35,1518.93,810.92
84,974.29,749.06,960.68,743.29,958.04,744.55,955.07,745.99,964.2,742.2,963.9,742.06,963.54,741.6,943.52,759.11,954.04,752.21,974.39,760.12,978.46,760.82,935.13,853.99,999.3,779.95,991.06,860.97,1082.09,789.84,997.13,830.74,998.45,777.88,995.65,825.33,994.93,758.62,992.49,819.52,974.51,779.7,994.77,818.79,979.29,780.71,1151.76,912.55,1159.85,851.08,1298.96,892.79,1308.54,833.2,1456.72,880.18,1470.72,851.89,1480.04,893.64,1490.01,865.51,1484.5,846.99,1520.26,811.19
85,961.99,752.12,949.88,747.15,946.83,748.93,943.6,750.91,955.55,743.65,956.52,742.68,957.39,741.63,934.53,762.97,952.57,750.44,962.38,762.65,968.57,761.07,932.98,860.6,1001.32,775.7,973.03,878.24,1052.9,794.09,969.91,851.69,983.09,792.35,965.98,848.28,968.46,784.64,964.82,840.54,955.52,798.29,968.31,838.8,959.98,802.58,1153.41,912.79,1163.08,849.1,1299.25,897.15,1308.04,830.93,1454.53,881.0,1468.87,846.89,1477.9,893.31,1486.4,861.62,1480.17,856.7,1519.45,810.36
86,956.07,751.48,945.11,746.83,942.2,748.65,939.22,750.62,950.51,743.5,951.5,742.46,952.41,741.21,931.42,762.65,949.65,748.8,956.96,762.12,963.11,761.03,930.9,868.39,1001.41,769.81,987.17,909.84,1043.99,800.03,980.96,870.85,979.86,798.06,978.38,860.58,965.5,791.82,978.16,848.5,953.33,802.38,980.8,849.44,957.14,807.52,1154.33,911.67,1166.19,843.81,1299.86,899.64,1308.08,830.96,1454.44,884.89,1465.51,841.1,1477.91,893.06,1485.27,853.67,1479.08,858.16,1514.39,810.96
87,952.18,751.07,941.14,746.87,938.39,748.69,935.64,750.57,946.45,743.38,947.41,742.3,948.3,740.85,928.82,761.93,946.3,746.92,952.78,761.53,958.93,760.43,928.75,869.94,1001.36,765.19,989.57,923.92,1048.14,802.88,988.41,874.62,995.92,810.6,991.25,865.22,984.2,808.28,991.25,852.37,973.41,815.66,993.41,854.86,976.37,819.66,1154.6,911.13,1167.36,839.31,1302.19,898.01,1306.57,828.55,1454.48,888.22,1463.75,830.77,1477.97,892.87,1484.51,844.02,1474.55,880.65,1509.09,809.43
88,940.93,750.92,931.07,747.37,928.57,749.46,926.02,751.58,936.05,743.3,937.04,742.0,937.97,740.21,920.36,763.0,938.57,744.88,942.36,761.38,949.35,759.52,927.57,869.28,1000.1,761.36,991.62,927.77,1049.61,804.32,998.96,877.32,1005.15,813.78,1004.96,874.13,995.02,812.85,1004.22,860.44,984.6,819.93,1005.71,861.69,987.0,823.02,1153.27,910.23,1167.33,838.44,1303.77,896.0,1304.64,826.74,1454.52,887.43,1464.18,824.13,1477.85,892.15,1485.34,834.01,1472.69,874.48,1510.73,809.47
89,934.56,750.56,924.24,746.98,921.83,749.04,919.3,751.22,928.65,742.62,929.42,740.9,930.17,738.99,914.27,763.37,932.34,742.95,937.57,761.09,943.84,756.78,928.91,870.8,994.79,759.6,992.53,935.8,1040.58,804.51,982.41,886.1,990.41,829.02,986.93,882.58,977.92,829.91,986.94,870.14,968.74,835.78,989.82,871.29,972.34,838.33,1152.22,911.41,1166.93,839.2,1303.73,895.23,1304.51,823.96,1453.12,887.16,1463.96,815.49,1477.12,891.5,1486.09,826.24,1473.37,870.53,1511.97,809.25
90,928.44,750.52,917.74,748.6,915.35,751.37,912.86,754.21,922.11,742.62,922.84,740.85,923.57,738.79,908.47,766.5,926.67,742.11,931.47,761.07,937.35,755.95,929.55,871.29,986.78,759.13,992.76,934.91,1032.61,805.04,951.84,904.16,988.36,825.65,937.3,906.18,973.79,825.52,936.4,893.0,961.67,831.83,941.69,891.89,965.56,834.81,1150.49,913.01,1163.77,840.19,1303.91,894.69,1301.48,822.88,1453.25,886.76,1462.01,807.44,1477.77,890.0,1485.17,815.79,1474.75,884.77,1506.7,809.38
91,924.95,752.55,913.62,751.82,911.55,754.84,909.42,757.82,917.68,744.22,918.47,741.9,919.36,739.32,907.16,770.1,923.9,742.87,929.34,762.64,935.03,756.14,930.44,872.57,985.1,756.04,994.29,936.79,1032.85,800.6,946.0,900.4,977.08,815.05,932.41,900.2,964.58,816.83,931.05,890.05,953.74,820.58,936.7,889.13,956.71,825.16,1150.58,913.39,1162.56,839.53,1304.1,894.97,1300.02,823.37,1453.3,886.52,1457.94,803.7,1478.21,888.52,1483.58,808.79,1474.57,876.36,1493.69,809.86
92,915.34,755.52,903.79,756.92,901.66,760.48,899.46,763.98,908.77,746.28,909.95,743.02,911.19,739.63,899.24,774.98,917.68,742.93,919.49,766.04,925.83,756.61,931.49,875.3,979.52,756.37,995.09,941.08,1024.52,800.71,936.47,913.88,962.08,835.29,917.75,920.05,944.89,840.13,917.96,904.68,934.68,845.07,923.55,902.29,939.74,847.22,1150.97,912.77,1162.64,837.98,1305.36,896.42,1299.23,824.33,1455.59,886.29,1457.6,801.76,1481.61,886.52,1483.72,807.38,1477.89,889.51,1487.27,810.61
93,909.23,758.89,897.69,761.71,895.66,765.75,893.63,769.71,902.58,749.89,903.94,746.09,905.32,742.1,894.97,781.2,912.54,743.68,913.64,769.88,919.74,758.48,930.98,876.51,973.1,756.14,986.13,942.35,1008.24,804.44,910.32,923.72,932.33,854.97,889.76,930.21,913.61,861.76,884.31,917.05,902.34,868.71,891.92,913.35,908.23,870.44,1151.65,912.38,1162.71,836.85,1305.91,897.25,1298.2,825.15,1457.08,887.25,1455.71,798.37,1484.17,886.5,1482.9,805.17,1488.98,890.38,1486.16,810.12
94,903.1,764.28,892.27,766.02,890.82,770.03,889.36,774.08,896.12,754.15,897.41,750.08,898.85,745.65,892.87,787.28,907.35,746.84,909.34,775.15,914.42,763.05,932.03,877.31,964.43,756.51,978.56,945.8,977.19,808.11,903.17,928.73,904.09,856.48,885.36,931.52,888.2,868.01,883.06,921.06,885.89,868.91,890.2,917.32,878.72,880.53,1153.95,912.13,1162.96,834.51,1305.91,897.98,1297.36,825.39,1458.13,888.05,1453.29,794.64,1486.06,886.64,1480.71,798.48,1478.77,884.23,1483.1,809.02
95,901.8,776.9,892.48,776.07,891.36,779.17,890.09,782.54,895.12,767.04,896.04,763.66,897.19,759.81,893.4,793.52,905.49,758.84,909.58,784.99,913.14,775.22,932.82,876.73,962.48,758.01,973.0,947.2,940.99,811.19,896.77,932.0,882.32,879.52,875.12,934.8,864.14,888.17,874.54,926.44,863.45,893.53,881.96,923.01,868.89,896.05,1158.29,911.95,1165.11,834.04,1310.82,901.89,1298.1,828.89,1459.02,888.56,1453.65,790.81,1486.96,886.43,1481.22,796.29,1474.43,881.17,1487.37,796.29
96,897.79,785.1,889.54,785.14,888.46,788.6,887.27,792.41,892.57,775.3,893.72,771.91,895.14,767.93,891.87,802.37,904.4,764.98,905.44,791.99,908.98,780.93,936.0,875.66,957.28,759.03,965.66,950.84,951.32,813.18,885.66,935.39,875.83,885.16,864.88,937.97,858.1,892.71,863.17,929.09,856.84,895.96,869.76,926.2,863.26,897.2,1158.92,911.75,1165.67,833.9,1311.45,902.11,1299.96,830.78,1459.18,888.38,1454.51,787.89,1487.15,886.44,1481.65,794.6,1472.08,877.28,1489.23,790.73
97,895.41,789.34,887.73,788.28,886.79,791.46,885.8,794.85,890.46,778.26,891.62,774.64,893.12,770.53,890.95,802.58,902.54,767.42,902.89,796.39,906.4,784.56,939.82,874.81,954.44,759.96,957.73,953.89,925.05,827.92,873.36,936.38,859.63,892.29,855.26,938.02,844.22,897.05,855.38,927.87,845.41,900.34,862.06,925.46,852.01,900.99,1160.98,910.78,1166.28,833.84,1312.88,903.61,1300.66,832.86,1459.77,888.34,1455.03,783.85,1487.56,885.84,1481.65,789.7,1472.73,876.56,1489.03,785.59
98,888.27,799.4,880.83,796.93,880.36,800.1,879.91,803.49,882.86,786.87,884.02,783.06,885.46,779.06,887.43,808.85,897.54,774.06,897.51,806.79,900.1,794.45,942.21,874.0,952.18,763.89,951.85,955.9,924.34,833.24,867.41,934.79,862.98,893.98,851.74,934.3,847.21,899.83,852.83,923.9,846.63,900.9,858.93,922.37,853.18,901.24,1163.23,907.01,1166.76,834.29,1316.01,905.82,1301.21,835.61,1460.77,887.42,1455.54,783.24,1488.18,880.85,1482.78,786.9,1473.18,876.97,1482.58,809.22
99,886.4,805.57,878.74,802.8,878.23,805.61,877.79,808.59,880.99,793.13,882.19,789.26,883.63,785.23,885.13,812.59,895.38,779.07,895.3,812.57,898.03,800.46,943.58,873.47,950.91,766.29,949.99,956.55,917.79,836.25,867.93,936.21,859.59,894.91,852.31,934.11,845.1,901.04,852.91,923.56,844.31,901.75,858.92,922.8,850.13,902.25,1163.13,905.03,1166.37,834.28,1315.9,906.7,1300.32,838.38,1460.91,887.05,1454.19,783.85,1488.03,877.14,1477.1,784.85,1477.17,878.65,1484.62,816.28
100,888.54,802.26,880.42,800.3,879.71,803.18,879.04,806.28,882.78,791.01,883.85,787.34,885.17,783.38,885.23,811.69,895.93,778.81,897.05,809.08,899.92,797.85,944.61,873.4,950.69,769.18,949.1,958.49,921.73,839.99,866.39,936.97,860.78,896.92,850.58,935.2,845.51,901.47,851.11,924.09,844.55,901.5,857.42,923.44,850.65,902.55,1163.07,903.72,1166.31,834.12,1315.86,906.26,1300.37,840.69,1460.88,887.34,1451.14,784.95,1487.92,877.17,1471.05,785.54,1479.84,878.75,1486.3,799.43
101,888.97,801.74,880.19,800.52,879.45,803.46,878.8,806.63,882.65,791.14,883.74,787.44,885.13,783.33,885.17,812.37,896.13,778.32,897.63,808.08,900.51,797.13,946.19,873.32,950.28,771.07,945.6,960.21,920.44,841.15,864.27,936.68,859.48,893.09,848.68,934.94,844.47,897.66,850.06,922.57,844.85,897.1,856.82,921.54,851.33,898.22,1163.48,902.16,1166.26,834.32,1317.29,906.13,1300.45,842.05,1461.11,887.3,1450.25,785.57,1487.84,876.04,1468.59,784.53,1485.87,880.27,1487.25,798.08
102,889.28,803.16,880.44,801.39,879.66,804.06,879.02,807.0,883.03,792.87,884.14,789.35,885.56,785.38,885.54,812.39,896.38,780.48,898.05,808.96,901.13,799.0,947.65,873.22,948.97,772.59,945.34,961.11,921.38,841.33,863.03,937.19,860.09,890.73,846.61,934.8,844.23,895.84,848.23,922.46,844.48,895.3,855.14,921.59,850.93,896.66,1163.99,900.85,1166.26,833.59,1318.08,906.81,1300.85,843.1,1461.33,887.38,1450.38,785.73,1487.84,876.44,1469.25,782.98,1487.93,881.33,1488.12,798.48
103,888.04,808.83,879.24,806.61,878.56,808.95,878.0,811.52,881.83,798.95,883.01,795.65,884.49,792.04,885.1,815.56,895.85,786.29,897.1,813.96,900.26,804.94,947.89,873.37,949.06,774.02,944.58,961.16,922.15,842.44,860.39,936.37,862.01,888.35,844.7,933.68,845.65,894.68,846.67,921.26,845.95,893.8,853.46,920.37,852.1,895.52,1165.74,898.87,1166.93,832.39,1318.86,906.48,1300.91,843.39,1461.42,887.36,1450.49,783.59,1487.8,875.98,1469.52,782.37,1487.74,881.1,1488.27,798.16
104,888.31,811.44,879.55,809.7,878.96,811.96,878.44,814.46,881.8,801.98,882.87,798.64,884.2,795.02,885.4,817.73,895.5,788.73,897.53,816.64,900.35,807.37,947.84,873.43,948.53,775.62,944.27,960.17,919.17,843.83,860.56,935.52,857.37,887.24,845.29,932.88,843.38,894.17,847.19,920.45,843.76,893.46,854.31,919.62,849.86,895.34,1165.56,897.29,1166.74,831.48,1319.96,906.68,1302.18,843.04,1462.05,887.56,1450.66,783.01,1489.28,877.31,1469.55,780.45,1487.64,881.51,1488.75,798.35
105,886.67,816.06,877.64,814.74,877.12,817.22,876.66,819.77,879.64,806.14,880.61,802.34,881.82,798.31,883.9,821.73,893.39,791.07,895.99,821.51,898.32,811.44,947.17,873.37,947.2,778.05,942.94,959.03,922.09,844.61,861.42,934.73,859.56,886.77,845.35,932.72,845.31,892.84,846.5,918.5,844.88,893.24,854.18,917.84,851.18,894.3,1165.44,895.67,1166.37,830.83,1319.59,906.46,1302.7,843.1,1461.9,887.47,1450.85,783.32,1489.19,877.38,1469.85,780.36,1486.6,881.22,1490.3,799.16
106,887.69,816.61,878.6,814.78,878.0,817.05,877.47,819.43,880.7,806.83,881.64,803.27,882.83,799.46,884.39,821.54,893.91,792.26,896.79,821.75,899.28,812.49,946.66,873.34,947.81,780.35,944.07,958.7,924.57,847.28,861.58,934.06,862.33,885.77,845.63,932.12,846.64,891.81,846.79,918.25,846.5,892.71,854.65,917.57,853.06,893.77,1165.15,895.13,1166.18,830.59,1319.35,906.37,1303.3,843.36,1462.17,887.46,1450.86,783.42,1489.81,879.0,1469.76,780.75,1486.46,881.06,1490.13,806.99
107,887.54,814.74,878.64,812.81,877.99,815.19,877.38,817.75,880.73,804.8,881.66,801.34,882.84,797.57,883.69,821.37,893.79,790.93,896.52,820.17,899.13,810.88,945.8,873.3,947.97,782.18,944.34,958.31,925.41,849.45,863.44,934.22,863.5,885.49,847.31,931.88,847.59,891.12,848.23,918.14,847.53,891.82,856.31,917.32,854.19,893.04,1165.05,895.24,1166.09,830.61,1319.69,906.22,1303.42,843.13,1462.41,887.45,1450.23,783.6,1490.13,880.29,1468.27,778.18,1486.17,881.86,1488.13,807.77
108,887.29,815.04,878.46,812.74,877.85,815.02,877.25,817.53,880.29,805.05,881.07,801.7,882.06,798.0,883.44,821.26,892.71,791.55,896.44,820.11,898.83,811.36,944.85,873.16,946.87,782.88,944.63,958.04,925.58,851.36,864.61,934.53,863.55,887.01,848.22,932.31,847.46,892.04,848.71,917.99,847.36,891.8,857.0,917.21,854.39,893.1,1163.98,895.27,1164.93,830.3,1319.56,906.13,1303.5,843.08,1462.35,887.29,1450.09,783.76,1489.82,880.16,1468.4,775.6,1486.1,883.36,1487.73,808.78
109,886.98,813.82,878.02,811.61,877.38,813.96,876.75,816.54,879.86,803.73,880.59,800.35,881.54,796.64,882.86,820.7,892.09,790.53,896.15,819.03,898.52,810.1,943.9,873.38,946.14,782.4,944.66,957.89,926.32,851.79,864.04,934.37,863.48,887.22,847.33,932.36,846.95,891.95,848.3,917.84,846.72,891.36,856.57,917.06,854.0,892.74,1163.09,895.4,1164.38,830.03,1319.75,906.05,1304.01,842.9,1462.64,886.97,1450.25,784.0,1489.99,880.61,1468.59,775.93,1485.85,883.19,1487.96,808.26
110,887.0,814.26,877.98,811.95,877.33,814.3,876.7,816.88,879.87,803.97,880.62,800.5,881.59,796.69,882.95,820.78,892.03,790.43,896.22,819.18,898.65,810.2,943.6,873.28,945.69,782.13,944.54,957.75,926.41,850.71,863.41,934.42,863.58,886.94,846.73,932.86,846.71,891.67,847.68,917.85,846.44,891.08,855.76,917.13,853.82,892.48,1162.63,895.07,1163.81,829.74,1320.04,905.86,1304.59,842.82,1463.21,886.05,1450.29,784.09,1490.27,879.99,1468.68,774.37,1485.93,883.06,1487.6,808.74
111,886.98,812.81,877.8,810.75,877.17,813.14,876.56,815.81,879.7,802.7,880.46,799.27,881.44,795.4,882.92,820.61,891.96,789.63,896.3,817.82,898.77,808.96,942.99,873.32,945.6,781.92,944.56,957.65,926.68,850.17,862.72,934.43,863.77,888.05,846.17,933.09,846.85,892.57,846.92,917.85,846.35,891.2,854.86,917.19,853.82,892.74,1161.66,894.7,1162.83,829.27,1320.06,905.54,1304.58,842.44,1463.48,885.39,1450.19,783.99,1490.25,879.38,1468.64,774.3,1485.85,882.99,1487.12,808.57
112,887.13,812.57,877.9,810.57,877.25,812.95,876.62,815.6,879.82,802.64,880.57,799.26,881.56,795.45,882.89,820.58,892.01,789.77,896.41,817.69,898.89,808.83,942.88,873.31,945.56,781.89,944.69,957.5,926.82,851.49,862.5,934.34,864.01,888.75,846.01,932.98,847.04,892.62,846.85,917.75,846.49,891.15,854.8,917.15,853.95,892.86,1160.59,894.53,1162.1,828.86,1320.56,905.26,1305.07,841.9,1463.81,884.94,1450.69,784.08,1490.52,879.81,1468.61,774.2,1485.79,882.42,1487.16,808.16
113,887.52,812.28,878.0,810.32,877.29,812.7,876.67,815.35,879.92,802.43,880.61,799.08,881.61,795.31,882.84,820.46,892.13,789.75,896.59,817.46,899.08,808.57,942.66,873.36,945.67,782.15,944.81,957.32,928.52,853.53,862.75,934.28,864.23,890.48,846.13,932.94,847.34,893.35,847.12,917.49,846.74,891.58,855.15,917.08,854.18,893.43,1159.91,894.22,1161.75,828.38,1320.54,904.6,1305.21,840.98,1463.88,884.77,1451.42,784.51,1490.51,880.85,1468.67,774.39,1485.75,881.23,1498.75,808.74
114,887.64,812.77,878.03,810.81,877.34,813.13,876.72,815.7,880.02,803.12,880.74,799.84,881.74,796.13,882.75,820.85,892.08,790.55,896.63,817.81,899.16,809.14,942.62,873.33,945.71,782.66,944.89,957.19,929.64,855.3,862.98,934.27,864.28,890.92,846.28,932.86,847.55,893.55,847.26,917.48,846.95,891.79,855.39,917.03,854.3,893.76,1159.86,893.85,1161.65,828.12,1320.61,904.0,1305.79,839.7,1463.93,884.49,1451.43,784.55,1490.5,880.99,1468.65,774.38,1485.2,882.97,1494.25,808.01
115,887.72,813.36,878.1,811.39,877.41,813.66,876.78,816.15,880.01,803.79,880.68,800.51,881.63,796.78,882.73,821.23,891.84,791.0,896.68,818.2,899.17,809.53,942.33,873.18,945.71,782.73,944.81,957.08,929.68,854.88,863.03,934.34,864.46,890.68,846.15,932.81,847.67,893.44,847.26,917.43,847.09,891.71,855.5,916.99,854.44,893.69,1159.82,892.86,1161.65,827.29,1320.58,903.49,1305.79,838.19,1463.93,884.8,1451.23,784.44,1490.26,881.64,1468.01,773.85,1484.68,884.3,1489.37,807.0
116,887.72,815.62,878.03,813.84,877.35,816.11,876.73,818.55,879.86,805.93,880.49,802.49,881.44,798.62,882.67,822.94,891.63,792.55,896.65,820.34,899.08,811.23,942.01,873.14,945.36,783.08,944.81,957.0,929.68,855.04,863.12,934.44,864.57,890.54,846.26,932.77,847.78,893.36,847.39,917.41,847.19,891.69,855.61,916.96,854.55,893.67,1159.83,891.79,1161.66,826.47,1320.56,903.28,1305.79,837.3,1463.83,884.83,1451.41,783.9,1489.41,881.64,1468.05,772.11,1493.51,904.72,1498.3,807.04
117,887.64,815.44,877.88,813.97,877.18,816.36,876.54,818.92,879.72,805.86,880.36,802.39,881.31,798.48,882.38,823.73,891.46,792.51,896.53,820.21,898.97,811.03,941.97,873.69,944.82,783.14,944.84,956.93,929.59,854.64,863.18,934.61,864.65,890.47,846.36,932.92,847.85,893.32,847.46,917.38,847.23,891.65,855.67,916.96,854.63,893.62,1159.82,891.27,1161.67,825.55,1320.54,902.35,1305.88,837.07,1463.76,884.54,1452.23,783.49,1489.18,881.07,1469.34,772.12,1497.23,907.38,1502.55,807.79
118,887.38,815.28,877.58,813.74,876.88,816.13,876.25,818.71,879.41,805.67,880.05,802.24,881.02,798.38,881.93,823.65,891.13,792.37,896.19,820.08,898.63,810.99,941.8,873.77,944.55,783.76,945.08,956.89,929.79,854.39,863.2,934.85,864.72,890.38,846.41,933.23,848.01,893.26,847.52,917.39,847.44,891.66,855.74,916.98,854.74,893.66,1159.43,890.85,1161.33,824.81,1320.5,901.43,1305.65,836.66,1463.67,884.17,1452.0,782.78,1489.11,880.96,1468.28,771.01,1502.25,906.43,1503.32,807.67
119,887.27,814.8,877.49,813.48,876.79,815.91,876.17,818.49,879.37,805.14,880.04,801.58,881.02,797.55,881.91,823.46,891.11,791.77,896.08,819.59,898.54,810.39,941.79,873.92,944.24,784.05,946.24,956.83,930.55,854.42,863.22,936.22,865.08,891.97,846.7,934.77,848.81,894.44,847.56,918.96,848.09,893.02,855.82,918.6,855.03,895.12,1159.26,890.43,1161.24,824.1,1319.84,900.61,1304.92,836.12,1463.26,883.58,1451.99,782.79,1488.9,880.14,1468.12,771.08,1494.89,891.27,1497.44,807.23
120,887.06,813.82,877.17,812.75,876.49,815.24,875.88,817.91,879.13,804.13,879.85,800.47,880.87,796.32,881.8,823.09,890.97,790.72,895.92,818.59,898.42,809.41,941.81,874.01,943.92,784.14,947.89,956.88,931.68,854.61,863.3,937.68,865.09,892.36,846.83,936.23,848.89,894.84,847.63,920.16,848.15,893.34,855.86,919.91,855.09,895.57,1159.4,889.98,1161.37,823.56,1319.77,900.37,1304.7,835.01,1463.14,883.05,1452.28,782.74,1488.72,879.08,1468.82,771.12,1489.78,885.41,1491.9,807.22
121,887.07,812.44,877.09,811.75,876.4,814.31,875.78,817.08,879.07,802.98,879.8,799.34,880.81,795.17,881.62,822.79,890.79,789.88,895.93,817.31,898.43,808.12,941.87,874.12,943.81,784.12,949.55,957.01,932.29,854.58,863.67,938.28,865.12,892.51,847.39,936.9,849.13,895.14,847.97,920.59,848.52,893.57,856.06,920.28,855.29,895.86,1160.38,889.45,1162.07,823.13,1319.93,899.68,1305.0,833.81,1463.14,882.45,1452.32,782.65,1488.83,878.83,1468.76,771.22,1487.07,882.42,1489.31,807.2
122,886.79,811.29,876.5,810.84,875.79,813.49,875.15,816.38,878.56,801.93,879.31,798.33,880.33,794.16,881.02,822.76,890.35,789.1,895.75,816.46,898.31,807.19,941.91,874.4,943.69,783.98,950.32,957.33,932.37,850.86,863.85,938.77,865.25,892.42,847.66,937.67,849.75,895.36,848.27,921.04,849.24,893.68,856.28,920.52,855.88,895.93,1161.23,888.69,1162.65,822.51,1319.94,898.67,1305.28,833.02,1463.14,881.58,1452.32,782.2,1488.75,878.02,1468.75,771.03,1486.66,880.21,1488.33,806.67
123,886.6,810.62,876.09,810.16,875.38,812.82,874.74,815.76,878.2,801.28,878.96,797.73,879.98,793.61,880.61,822.63,890.05,788.56,895.59,815.93,898.17,806.65,941.81,874.21,943.6,783.77,950.69,957.35,932.34,849.26,864.08,939.21,865.22,892.36,848.1,937.79,850.11,895.85,848.89,921.26,849.62,894.09,856.85,920.7,856.05,896.19,1161.25,887.92,1162.64,821.82,1319.92,897.85,1305.95,832.15,1463.24,881.15,1453.5,782.21,1489.21,878.32,1469.14,771.07,1494.57,888.27,1494.88,806.8
124,886.27,810.37,875.69,809.9,875.0,812.57,874.38,815.52,877.78,801.05,878.56,797.54,879.59,793.44,880.33,822.6,889.79,788.34,895.26,815.78,897.82,806.46,941.8,874.05,943.48,783.58,951.48,957.34,932.18,849.25,865.19,939.74,865.04,892.38,849.15,938.11,850.2,896.45,850.07,921.85,849.77,894.79,858.24,921.17,856.14,896.77,1161.22,887.44,1162.57,821.4,1319.63,897.06,1306.1,831.65,1463.4,880.53,1453.85,782.2,1489.39,878.22,1469.53,771.09,1498.64,892.26,1493.73,806.79
125,885.74,810.32,875.1,809.82,874.46,812.49,873.88,815.46,877.07,800.99,877.84,797.48,878.87,793.4,879.98,822.52,889.34,788.24,894.74,815.73,897.17,806.4,941.78,873.83,943.08,783.57,951.82,957.33,931.74,849.3,866.34,940.1,865.04,893.0,850.02,938.47,850.24,897.17,850.81,922.5,849.91,895.61,859.03,921.81,856.3,897.6,1161.22,886.61,1162.42,821.08,1319.53,896.66,1306.15,830.75,1463.52,880.05,1453.98,782.06,1489.41,877.45,1470.14,771.15,1500.84,896.51,1493.86,808.23
126,885.61,810.33,874.99,809.81,874.37,812.48,873.8,815.44,876.88,801.0,877.64,797.5,878.67,793.43,879.89,822.46,889.24,788.25,894.65,815.73,897.01,806.42,941.78,873.76,942.75,783.57,951.98,957.31,931.34,849.68,866.55,940.5,864.93,893.41,850.1,938.87,850.23,897.35,850.86,923.29,849.9,895.95,859.03,922.67,856.32,898.15,1161.03,885.86,1161.96,820.44,1319.39,896.39,1306.66,829.33,1463.48,880.02,1454.93,782.05,1489.37,877.94,1470.86,771.42,1500.04,895.84,1493.56,806.54
127,885.08,810.08,874.53,809.58,873.95,812.28,873.42,815.27,876.48,800.64,877.3,797.12,878.4,793.04,879.73,822.42,889.12,788.06,894.27,815.59,896.6,806.08,941.8,873.99,942.26,783.51,953.12,957.31,930.72,849.71,866.95,941.32,864.92,893.52,850.35,940.06,850.24,897.42,851.01,924.41,849.93,896.2,859.19,923.6,856.33,898.44,1160.98,885.38,1161.71,819.68,1319.39,896.11,1306.95,827.82,1463.79,879.23,1455.57,782.09,1490.59,877.73,1471.1,771.86,1487.91,877.56,1493.09,803.93
128,884.67,810.08,874.28,809.57,873.74,812.27,873.25,815.25,876.28,800.61,877.16,797.07,878.29,792.96,879.74,822.37,889.07,788.0,894.03,815.59,896.36,806.03,941.91,874.0,941.81,783.49,954.65,957.26,930.56,850.05,867.89,942.06,864.92,894.13,851.05,940.79,850.33,898.0,851.69,924.87,850.01,897.12,859.81,924.18,856.46,900.85,1160.98,885.08,1161.68,819.16,1319.39,895.64,1306.99,827.67,1463.83,879.03,1455.08,781.82,1491.07,877.74,1470.2,771.57,1485.23,872.55,1491.22,802.97
129,884.49,810.15,874.17,809.64,873.66,812.33,873.22,815.3,876.18,800.66,877.07,797.1,878.23,792.99,879.85,822.33,889.05,788.01,893.98,815.65,896.3,806.03,942.07,874.06,941.58,783.33,956.55,957.09,930.67,850.07,869.32,943.14,864.96,893.98,852.41,942.47,850.63,897.98,852.55,926.65,850.31,897.26,860.54,925.62,856.63,900.72,1160.99,884.84,1161.67,818.48,1319.29,894.87,1306.99,827.68,1464.01,879.04,1455.07,781.83,1491.98,878.63,1470.04,771.48,1484.34,870.82,1490.88,801.9
130,884.32,810.96,874.09,810.53,873.62,813.26,873.2,816.24,876.1,801.36,877.01,797.66,878.19,793.46,880.11,822.63,889.05,788.24,893.97,816.37,896.28,806.31,942.58,873.99,941.51,782.96,957.7,957.05,930.59,849.52,870.26,944.32,864.94,893.44,853.73,943.88,850.79,897.96,853.5,928.29,850.5,897.41,861.05,927.12,856.7,900.63,1161.14,884.68,1161.68,817.73,1319.4,894.0,1307.53,827.29,1464.77,879.13,1455.66,781.74,1492.93,879.52,1470.57,771.43,1483.36,869.68,1490.91,799.47
131,883.9,810.98,873.88,810.56,873.46,813.32,873.11,816.33,875.84,801.37,876.79,797.66,878.0,793.46,880.21,822.73,888.96,788.23,893.76,816.45,896.01,806.32,943.1,873.95,941.44,782.78,958.23,957.04,930.16,848.88,870.91,944.67,864.67,893.43,855.02,944.08,850.85,898.29,854.53,929.03,850.52,898.04,861.62,928.0,856.72,900.8,1161.14,884.41,1161.68,817.26,1319.5,893.29,1307.91,827.0,1465.66,879.15,1455.88,781.53,1494.24,879.68,1470.92,771.45,1482.77,868.93,1491.41,798.51
132,883.64,810.97,873.61,810.55,873.23,813.31,872.94,816.33,875.57,801.35,876.56,797.63,877.81,793.43,880.28,822.71,888.9,788.21,893.68,816.44,895.94,806.3,943.26,873.35,941.43,782.55,959.42,957.14,930.61,848.81,871.69,946.46,865.03,893.56,855.72,945.52,851.59,899.22,854.89,931.43,850.98,899.33,861.72,930.34,856.97,901.49,1160.84,883.54,1161.42,816.57,1319.49,892.84,1307.9,826.6,1465.92,879.44,1455.54,780.58,1494.58,879.82,1470.55,770.66,1482.94,869.08,1491.46,798.76
133,883.68,811.19,873.61,810.88,873.24,813.71,872.96,816.82,875.57,801.69,876.55,798.02,877.79,793.89,880.4,823.17,888.88,788.85,893.89,816.71,896.1,806.59,943.79,873.53,941.25,782.13,960.9,957.24,931.81,848.43,873.17,947.14,866.31,894.55,857.25,946.17,852.89,900.49,855.91,932.27,852.16,901.78,862.51,931.15,858.06,903.4,1160.53,883.29,1160.96,816.07,1319.49,892.53,1307.99,826.63,1466.3,879.45,1455.98,780.44,1495.09,879.83,1471.48,770.6,1483.18,868.52,1491.62,798.2
